{
  "crypto": {
    "btc": 0.01473,
    "eth": 0.1736,
    "sol": 4.179,
    "tao": 0.7369,
    "uni": 30.68,
    "bnb": 0.1075,
    "sui": 60.86,
    "sei": 466.62,
    "ena": 249.59,
    "avax": 2.428,
    "spx": 37.87,
    "usdt": 9.925,
    "giga": 873.2,
    "trump": 1.151
  },
  "stocks": {
    "voo": 0.36947,
    "qqq": 0.15618,
    "nvda": 1.10855,
    "nu": 1,
    "tsla": 0.12903
  }
}