{
  "crypto": {
    "btc": 0.014049,
    "eth": 0.1733,
    "sol": 4.165,
    "tao": 0.7367,
    "uni": 30.68,
    "bnb": 0.1075,
    "sui": 60.85,
    "sei": 464.78,
    "ena": 249.59,
    "avax": 2.428
  },
  "stocks": {
    "voo": 0.36947,
    "qqq": 0.15618,
    "nvda": 1.10855,
    "nu": 1,
    "tsla": 0.12903
  }
}